-- phpMyAdmin SQL Dump
-- version 4.8.4
-- https://www.phpmyadmin.net/
--
-- Host: 127.0.0.1
-- Generation Time: Apr 10, 2023 at 04:49 PM
-- Server version: 10.1.37-MariaDB
-- PHP Version: 5.6.39

SET SQL_MODE = "NO_AUTO_VALUE_ON_ZERO";
SET AUTOCOMMIT = 0;
START TRANSACTION;
SET time_zone = "+00:00";


/*!40101 SET @OLD_CHARACTER_SET_CLIENT=@@CHARACTER_SET_CLIENT */;
/*!40101 SET @OLD_CHARACTER_SET_RESULTS=@@CHARACTER_SET_RESULTS */;
/*!40101 SET @OLD_COLLATION_CONNECTION=@@COLLATION_CONNECTION */;
/*!40101 SET NAMES utf8mb4 */;

--
-- Database: `newmvc-sahil-solanki`
--

-- --------------------------------------------------------

--
-- Table structure for table `admin`
--

CREATE TABLE `admin` (
  `admin_id` int(11) NOT NULL,
  `name` varchar(255) NOT NULL,
  `email` varchar(255) NOT NULL,
  `password` varchar(20) NOT NULL,
  `status` tinyint(4) NOT NULL,
  `created_at` datetime NOT NULL,
  `updated_at` datetime DEFAULT NULL
) ENGINE=InnoDB DEFAULT CHARSET=latin1;

--
-- Dumping data for table `admin`
--

INSERT INTO `admin` (`admin_id`, `name`, `email`, `password`, `status`, `created_at`, `updated_at`) VALUES
(7, 'sahil', 's@khksa.as', '121222', 1, '2023-04-01 17:23:40', '2023-04-03 15:12:11'),
(9, 'manoj', 'm@gmail.om', '122121n', 2, '2023-04-03 15:11:58', '2023-04-03 15:12:04');

-- --------------------------------------------------------

--
-- Table structure for table `cart`
--

CREATE TABLE `cart` (
  `cart_id` int(11) NOT NULL,
  `shipping_method_id` int(11) NOT NULL,
  `shipping_amount` decimal(10,2) NOT NULL,
  `tax_percent` int(2) NOT NULL,
  `created_at` datetime NOT NULL
) ENGINE=InnoDB DEFAULT CHARSET=latin1;

-- --------------------------------------------------------

--
-- Table structure for table `cart_item`
--

CREATE TABLE `cart_item` (
  `cart_item_id` int(11) NOT NULL,
  `product_id` int(11) NOT NULL,
  `sku` varchar(255) NOT NULL,
  `price` int(11) NOT NULL,
  `quantity` int(11) NOT NULL
) ENGINE=InnoDB DEFAULT CHARSET=latin1;

-- --------------------------------------------------------

--
-- Table structure for table `category`
--

CREATE TABLE `category` (
  `category_id` int(11) NOT NULL,
  `parent_id` int(11) NOT NULL,
  `path` varchar(255) DEFAULT NULL,
  `name` varchar(255) NOT NULL,
  `status` tinyint(4) NOT NULL,
  `description` varchar(255) NOT NULL,
  `created_at` datetime NOT NULL,
  `updated_at` datetime DEFAULT NULL
) ENGINE=InnoDB DEFAULT CHARSET=latin1;

--
-- Dumping data for table `category`
--

INSERT INTO `category` (`category_id`, `parent_id`, `path`, `name`, `status`, `description`, `created_at`, `updated_at`) VALUES
(1, 0, '1', 'Root', 1, '', '2023-04-03 00:00:00', NULL),
(8, 1, '1-8', 'bedrooms', 2, '', '2023-04-09 13:37:28', NULL),
(9, 8, '1-8-9', 'beds', 1, '', '2023-04-09 13:38:27', NULL),
(10, 9, '1-8-9-10', 'Panel Beds', 1, '', '2023-04-10 19:51:28', NULL),
(15, 1, '1-15', 'Livind room', 2, '', '2023-04-10 20:00:07', '0000-00-00 00:00:00');

-- --------------------------------------------------------

--
-- Table structure for table `customer`
--

CREATE TABLE `customer` (
  `customer_id` int(11) NOT NULL,
  `first_name` varchar(255) NOT NULL,
  `last_name` varchar(255) NOT NULL,
  `email` varchar(255) NOT NULL,
  `gender` tinyint(4) NOT NULL,
  `mobile` bigint(10) NOT NULL,
  `status` tinyint(4) NOT NULL,
  `created_at` datetime NOT NULL,
  `updated_at` datetime DEFAULT NULL
) ENGINE=InnoDB DEFAULT CHARSET=latin1;

--
-- Dumping data for table `customer`
--

INSERT INTO `customer` (`customer_id`, `first_name`, `last_name`, `email`, `gender`, `mobile`, `status`, `created_at`, `updated_at`) VALUES
(52, 'jay', 'virja', 'j@gmail.com', 1, 9029109210, 1, '2023-04-03 15:29:23', '2023-04-10 19:59:44');

-- --------------------------------------------------------

--
-- Table structure for table `customer_address`
--

CREATE TABLE `customer_address` (
  `address_id` int(11) NOT NULL,
  `customer_id` int(11) NOT NULL,
  `address` varchar(255) NOT NULL,
  `city` varchar(255) NOT NULL,
  `state` varchar(255) NOT NULL,
  `country` varchar(255) NOT NULL,
  `zip_code` int(11) NOT NULL
) ENGINE=InnoDB DEFAULT CHARSET=latin1;

--
-- Dumping data for table `customer_address`
--

INSERT INTO `customer_address` (`address_id`, `customer_id`, `address`, `city`, `state`, `country`, `zip_code`) VALUES
(18, 52, 'jayraj society', 'ahmedabad', 'gujarat', 'india', 380061);

-- --------------------------------------------------------

--
-- Table structure for table `eav_attribute`
--

CREATE TABLE `eav_attribute` (
  `attribute_id` int(11) NOT NULL,
  `entity_type_id` int(11) NOT NULL,
  `code` varchar(20) NOT NULL,
  `backend_type` varchar(20) DEFAULT NULL,
  `name` varchar(50) NOT NULL,
  `status` tinyint(4) NOT NULL,
  `backend_model` varchar(255) NOT NULL,
  `input_type` varchar(20) NOT NULL
) ENGINE=InnoDB DEFAULT CHARSET=latin1;

--
-- Dumping data for table `eav_attribute`
--

INSERT INTO `eav_attribute` (`attribute_id`, `entity_type_id`, `code`, `backend_type`, `name`, `status`, `backend_model`, `input_type`) VALUES
(3, 2, 'style', 'int', 'Style', 2, '', 'select'),
(4, 2, 'short_desc', 'varchar', 'Short description', 2, '', 'textarea'),
(5, 2, 'gender', 'int', 'Gender', 1, '', 'radio');

-- --------------------------------------------------------

--
-- Table structure for table `eav_attribute_option`
--

CREATE TABLE `eav_attribute_option` (
  `option_id` int(11) NOT NULL,
  `name` varchar(20) NOT NULL,
  `attribute_id` int(11) NOT NULL,
  `position` int(20) NOT NULL
) ENGINE=InnoDB DEFAULT CHARSET=latin1;

--
-- Dumping data for table `eav_attribute_option`
--

INSERT INTO `eav_attribute_option` (`option_id`, `name`, `attribute_id`, `position`) VALUES
(38, 'Modern', 3, 4),
(41, 'Traditional', 3, 8),
(48, 'Contemprory', 3, 2),
(49, 'Female', 5, 7),
(50, 'Male', 5, 8),
(53, 'Electric', 3, 5);

-- --------------------------------------------------------

--
-- Table structure for table `entity_type`
--

CREATE TABLE `entity_type` (
  `entity_type_id` int(11) NOT NULL,
  `name` varchar(50) NOT NULL,
  `entity_model` varchar(255) NOT NULL
) ENGINE=InnoDB DEFAULT CHARSET=latin1;

--
-- Dumping data for table `entity_type`
--

INSERT INTO `entity_type` (`entity_type_id`, `name`, `entity_model`) VALUES
(2, 'product', ''),
(3, 'customer', ''),
(4, 'vendor', ''),
(5, 'salesman', ''),
(6, 'category', '');

-- --------------------------------------------------------

--
-- Table structure for table `payment_method`
--

CREATE TABLE `payment_method` (
  `payment_method_id` int(11) NOT NULL,
  `name` varchar(255) NOT NULL,
  `status` tinyint(4) NOT NULL,
  `created_at` datetime NOT NULL,
  `updated_at` datetime DEFAULT NULL
) ENGINE=InnoDB DEFAULT CHARSET=latin1;

--
-- Dumping data for table `payment_method`
--

INSERT INTO `payment_method` (`payment_method_id`, `name`, `status`, `created_at`, `updated_at`) VALUES
(1, 'P1', 2, '2023-04-09 14:02:46', '2023-04-10 19:58:24'),
(2, 'P2', 1, '2023-04-09 14:02:52', '2023-04-10 19:58:19');

-- --------------------------------------------------------

--
-- Table structure for table `product`
--

CREATE TABLE `product` (
  `product_id` int(11) NOT NULL,
  `name` varchar(255) NOT NULL,
  `sku` varchar(50) NOT NULL,
  `cost` decimal(10,2) NOT NULL,
  `price` decimal(10,2) NOT NULL,
  `quantity` int(5) NOT NULL DEFAULT '100',
  `description` varchar(255) NOT NULL,
  `status` tinyint(4) NOT NULL DEFAULT '2',
  `color` tinyint(4) NOT NULL,
  `material` tinyint(4) NOT NULL,
  `created_at` datetime NOT NULL,
  `updated_at` datetime DEFAULT NULL
) ENGINE=InnoDB DEFAULT CHARSET=latin1;

--
-- Dumping data for table `product`
--

INSERT INTO `product` (`product_id`, `name`, `sku`, `cost`, `price`, `quantity`, `description`, `status`, `color`, `material`, `created_at`, `updated_at`) VALUES
(1, 'Pen', 'p1', '10.00', '20.00', 110, 'good pen', 1, 5, 3, '2023-03-27 12:28:18', '2023-04-10 20:14:08'),
(2, 'product 2', 'p2', '120.00', '200.00', 1000, 'good product', 1, 1, 1, '2023-03-27 12:35:05', '2023-04-10 11:48:11');

-- --------------------------------------------------------

--
-- Table structure for table `product_int`
--

CREATE TABLE `product_int` (
  `value_id` int(11) NOT NULL,
  `entity_id` int(11) NOT NULL,
  `attribute_id` int(11) NOT NULL,
  `value` int(11) NOT NULL
) ENGINE=InnoDB DEFAULT CHARSET=latin1;

-- --------------------------------------------------------

--
-- Table structure for table `product_media`
--

CREATE TABLE `product_media` (
  `media_id` int(11) NOT NULL,
  `product_id` int(11) NOT NULL,
  `name` varchar(255) NOT NULL,
  `image` varchar(255) NOT NULL,
  `status` tinyint(4) NOT NULL DEFAULT '2',
  `small` tinyint(4) NOT NULL,
  `thumb` tinyint(4) NOT NULL,
  `base` tinyint(4) NOT NULL,
  `gallery` tinyint(4) NOT NULL,
  `created_at` datetime NOT NULL
) ENGINE=InnoDB DEFAULT CHARSET=latin1;

--
-- Dumping data for table `product_media`
--

INSERT INTO `product_media` (`media_id`, `product_id`, `name`, `image`, `status`, `small`, `thumb`, `base`, `gallery`, `created_at`) VALUES
(8, 1, 'Pic 1', '8.jpg', 2, 0, 1, 0, 1, '2023-04-10 20:13:15'),
(9, 1, 'Pic 2', '9.jpg', 1, 1, 0, 1, 0, '2023-04-10 20:13:31');

-- --------------------------------------------------------

--
-- Table structure for table `salesman`
--

CREATE TABLE `salesman` (
  `salesman_id` int(11) NOT NULL,
  `first_name` varchar(255) NOT NULL,
  `last_name` varchar(255) NOT NULL,
  `email` varchar(255) NOT NULL,
  `gender` tinyint(4) NOT NULL,
  `mobile` bigint(10) NOT NULL,
  `status` tinyint(4) NOT NULL,
  `company` varchar(255) NOT NULL,
  `created_at` datetime NOT NULL,
  `updated_at` datetime DEFAULT NULL
) ENGINE=InnoDB DEFAULT CHARSET=latin1;

--
-- Dumping data for table `salesman`
--

INSERT INTO `salesman` (`salesman_id`, `first_name`, `last_name`, `email`, `gender`, `mobile`, `status`, `company`, `created_at`, `updated_at`) VALUES
(1, 'raju', 'patel', 'r@gmail.com', 1, 9043782388, 1, 'raju enterprice', '2023-03-27 12:33:27', NULL),
(2, 'hina', 'khan', 'h@gmail.com', 2, 9058376809, 1, 'india express', '2023-03-27 12:34:27', '2023-03-28 11:38:57');

-- --------------------------------------------------------

--
-- Table structure for table `salesman_address`
--

CREATE TABLE `salesman_address` (
  `address_id` int(11) NOT NULL,
  `salesman_id` int(255) NOT NULL,
  `address` varchar(255) NOT NULL,
  `city` varchar(255) NOT NULL,
  `state` varchar(255) NOT NULL,
  `country` varchar(255) NOT NULL,
  `zip_code` int(11) NOT NULL
) ENGINE=InnoDB DEFAULT CHARSET=latin1;

--
-- Dumping data for table `salesman_address`
--

INSERT INTO `salesman_address` (`address_id`, `salesman_id`, `address`, `city`, `state`, `country`, `zip_code`) VALUES
(1, 1, 'vadaj', 'ahmedabad', 'gujarat', 'india', 380667),
(2, 2, 'india', 'ahmedabad', 'gujarat', 'india', 383909);

-- --------------------------------------------------------

--
-- Table structure for table `salesman_price`
--

CREATE TABLE `salesman_price` (
  `entity_id` int(11) NOT NULL,
  `salesman_id` int(11) NOT NULL,
  `product_id` int(11) NOT NULL,
  `salesman_price` int(11) DEFAULT NULL
) ENGINE=InnoDB DEFAULT CHARSET=latin1;

--
-- Dumping data for table `salesman_price`
--

INSERT INTO `salesman_price` (`entity_id`, `salesman_id`, `product_id`, `salesman_price`) VALUES
(19, 1, 2, 12),
(21, 1, 1, 11),
(22, 2, 1, 11);

-- --------------------------------------------------------

--
-- Table structure for table `shipping_method`
--

CREATE TABLE `shipping_method` (
  `shipping_method_id` int(11) NOT NULL,
  `name` varchar(255) NOT NULL,
  `amount` decimal(10,2) NOT NULL,
  `status` tinyint(4) NOT NULL,
  `created_at` datetime NOT NULL,
  `updated_at` datetime DEFAULT NULL
) ENGINE=InnoDB DEFAULT CHARSET=latin1;

--
-- Dumping data for table `shipping_method`
--

INSERT INTO `shipping_method` (`shipping_method_id`, `name`, `amount`, `status`, `created_at`, `updated_at`) VALUES
(3, 'S1', '12121.00', 1, '2023-04-09 12:41:39', '2023-04-10 19:58:31'),
(4, 'S2', '12121.00', 2, '2023-04-09 12:41:43', '2023-04-10 19:58:36');

-- --------------------------------------------------------

--
-- Table structure for table `vendor`
--

CREATE TABLE `vendor` (
  `vendor_id` int(11) NOT NULL,
  `first_name` varchar(255) NOT NULL,
  `last_name` varchar(255) NOT NULL,
  `email` varchar(255) NOT NULL,
  `gender` tinyint(4) NOT NULL,
  `mobile` bigint(10) NOT NULL,
  `status` tinyint(4) NOT NULL,
  `company` varchar(255) NOT NULL,
  `created_at` datetime NOT NULL,
  `updated_at` datetime DEFAULT NULL
) ENGINE=InnoDB DEFAULT CHARSET=latin1;

--
-- Dumping data for table `vendor`
--

INSERT INTO `vendor` (`vendor_id`, `first_name`, `last_name`, `email`, `gender`, `mobile`, `status`, `company`, `created_at`, `updated_at`) VALUES
(1, 'vijay', 'thakor', 'v@gmail.com', 1, 7858346799, 1, 'vijay sales', '2023-03-27 12:36:41', '2023-04-10 19:58:45');

-- --------------------------------------------------------

--
-- Table structure for table `vendor_address`
--

CREATE TABLE `vendor_address` (
  `address_id` int(11) NOT NULL,
  `vendor_id` int(11) NOT NULL,
  `address` varchar(255) NOT NULL,
  `city` varchar(255) NOT NULL,
  `state` varchar(255) NOT NULL,
  `country` varchar(255) NOT NULL,
  `zip_code` int(11) NOT NULL
) ENGINE=InnoDB DEFAULT CHARSET=latin1;

--
-- Dumping data for table `vendor_address`
--

INSERT INTO `vendor_address` (`address_id`, `vendor_id`, `address`, `city`, `state`, `country`, `zip_code`) VALUES
(1, 1, 'parasmani flat', 'vijay nagar', 'gujarat', 'india', 332111);

--
-- Indexes for dumped tables
--

--
-- Indexes for table `admin`
--
ALTER TABLE `admin`
  ADD PRIMARY KEY (`admin_id`);

--
-- Indexes for table `cart`
--
ALTER TABLE `cart`
  ADD PRIMARY KEY (`cart_id`),
  ADD KEY `shipping_method_id` (`shipping_method_id`);

--
-- Indexes for table `cart_item`
--
ALTER TABLE `cart_item`
  ADD PRIMARY KEY (`cart_item_id`),
  ADD KEY `product_id` (`product_id`);

--
-- Indexes for table `category`
--
ALTER TABLE `category`
  ADD PRIMARY KEY (`category_id`);

--
-- Indexes for table `customer`
--
ALTER TABLE `customer`
  ADD PRIMARY KEY (`customer_id`);

--
-- Indexes for table `customer_address`
--
ALTER TABLE `customer_address`
  ADD PRIMARY KEY (`address_id`),
  ADD KEY `customer_id` (`customer_id`);

--
-- Indexes for table `eav_attribute`
--
ALTER TABLE `eav_attribute`
  ADD PRIMARY KEY (`attribute_id`),
  ADD KEY `entity_type_id` (`entity_type_id`);

--
-- Indexes for table `eav_attribute_option`
--
ALTER TABLE `eav_attribute_option`
  ADD PRIMARY KEY (`option_id`),
  ADD KEY `attribute_id` (`attribute_id`);

--
-- Indexes for table `entity_type`
--
ALTER TABLE `entity_type`
  ADD PRIMARY KEY (`entity_type_id`);

--
-- Indexes for table `payment_method`
--
ALTER TABLE `payment_method`
  ADD PRIMARY KEY (`payment_method_id`);

--
-- Indexes for table `product`
--
ALTER TABLE `product`
  ADD PRIMARY KEY (`product_id`);

--
-- Indexes for table `product_int`
--
ALTER TABLE `product_int`
  ADD PRIMARY KEY (`value_id`),
  ADD KEY `entity_id` (`entity_id`),
  ADD KEY `attribute_id` (`attribute_id`);

--
-- Indexes for table `product_media`
--
ALTER TABLE `product_media`
  ADD PRIMARY KEY (`media_id`),
  ADD KEY `product_id` (`product_id`);

--
-- Indexes for table `salesman`
--
ALTER TABLE `salesman`
  ADD PRIMARY KEY (`salesman_id`);

--
-- Indexes for table `salesman_address`
--
ALTER TABLE `salesman_address`
  ADD PRIMARY KEY (`address_id`),
  ADD KEY `salesman_id` (`salesman_id`);

--
-- Indexes for table `salesman_price`
--
ALTER TABLE `salesman_price`
  ADD PRIMARY KEY (`entity_id`),
  ADD KEY `salesman_id` (`salesman_id`),
  ADD KEY `product_id` (`product_id`);

--
-- Indexes for table `shipping_method`
--
ALTER TABLE `shipping_method`
  ADD PRIMARY KEY (`shipping_method_id`);

--
-- Indexes for table `vendor`
--
ALTER TABLE `vendor`
  ADD PRIMARY KEY (`vendor_id`);

--
-- Indexes for table `vendor_address`
--
ALTER TABLE `vendor_address`
  ADD PRIMARY KEY (`address_id`),
  ADD KEY `vendor_id` (`vendor_id`);

--
-- AUTO_INCREMENT for dumped tables
--

--
-- AUTO_INCREMENT for table `admin`
--
ALTER TABLE `admin`
  MODIFY `admin_id` int(11) NOT NULL AUTO_INCREMENT, AUTO_INCREMENT=11;

--
-- AUTO_INCREMENT for table `cart`
--
ALTER TABLE `cart`
  MODIFY `cart_id` int(11) NOT NULL AUTO_INCREMENT;

--
-- AUTO_INCREMENT for table `cart_item`
--
ALTER TABLE `cart_item`
  MODIFY `cart_item_id` int(11) NOT NULL AUTO_INCREMENT;

--
-- AUTO_INCREMENT for table `category`
--
ALTER TABLE `category`
  MODIFY `category_id` int(11) NOT NULL AUTO_INCREMENT, AUTO_INCREMENT=16;

--
-- AUTO_INCREMENT for table `customer`
--
ALTER TABLE `customer`
  MODIFY `customer_id` int(11) NOT NULL AUTO_INCREMENT, AUTO_INCREMENT=54;

--
-- AUTO_INCREMENT for table `customer_address`
--
ALTER TABLE `customer_address`
  MODIFY `address_id` int(11) NOT NULL AUTO_INCREMENT, AUTO_INCREMENT=20;

--
-- AUTO_INCREMENT for table `eav_attribute`
--
ALTER TABLE `eav_attribute`
  MODIFY `attribute_id` int(11) NOT NULL AUTO_INCREMENT, AUTO_INCREMENT=6;

--
-- AUTO_INCREMENT for table `eav_attribute_option`
--
ALTER TABLE `eav_attribute_option`
  MODIFY `option_id` int(11) NOT NULL AUTO_INCREMENT, AUTO_INCREMENT=54;

--
-- AUTO_INCREMENT for table `entity_type`
--
ALTER TABLE `entity_type`
  MODIFY `entity_type_id` int(11) NOT NULL AUTO_INCREMENT, AUTO_INCREMENT=7;

--
-- AUTO_INCREMENT for table `payment_method`
--
ALTER TABLE `payment_method`
  MODIFY `payment_method_id` int(11) NOT NULL AUTO_INCREMENT, AUTO_INCREMENT=4;

--
-- AUTO_INCREMENT for table `product`
--
ALTER TABLE `product`
  MODIFY `product_id` int(11) NOT NULL AUTO_INCREMENT, AUTO_INCREMENT=5;

--
-- AUTO_INCREMENT for table `product_int`
--
ALTER TABLE `product_int`
  MODIFY `value_id` int(11) NOT NULL AUTO_INCREMENT;

--
-- AUTO_INCREMENT for table `product_media`
--
ALTER TABLE `product_media`
  MODIFY `media_id` int(11) NOT NULL AUTO_INCREMENT, AUTO_INCREMENT=10;

--
-- AUTO_INCREMENT for table `salesman`
--
ALTER TABLE `salesman`
  MODIFY `salesman_id` int(11) NOT NULL AUTO_INCREMENT, AUTO_INCREMENT=4;

--
-- AUTO_INCREMENT for table `salesman_address`
--
ALTER TABLE `salesman_address`
  MODIFY `address_id` int(11) NOT NULL AUTO_INCREMENT, AUTO_INCREMENT=4;

--
-- AUTO_INCREMENT for table `salesman_price`
--
ALTER TABLE `salesman_price`
  MODIFY `entity_id` int(11) NOT NULL AUTO_INCREMENT, AUTO_INCREMENT=23;

--
-- AUTO_INCREMENT for table `shipping_method`
--
ALTER TABLE `shipping_method`
  MODIFY `shipping_method_id` int(11) NOT NULL AUTO_INCREMENT, AUTO_INCREMENT=5;

--
-- AUTO_INCREMENT for table `vendor`
--
ALTER TABLE `vendor`
  MODIFY `vendor_id` int(11) NOT NULL AUTO_INCREMENT, AUTO_INCREMENT=2;

--
-- AUTO_INCREMENT for table `vendor_address`
--
ALTER TABLE `vendor_address`
  MODIFY `address_id` int(11) NOT NULL AUTO_INCREMENT, AUTO_INCREMENT=2;

--
-- Constraints for dumped tables
--

--
-- Constraints for table `customer_address`
--
ALTER TABLE `customer_address`
  ADD CONSTRAINT `customer_address_ibfk_1` FOREIGN KEY (`customer_id`) REFERENCES `customer` (`customer_id`) ON DELETE CASCADE ON UPDATE CASCADE;

--
-- Constraints for table `eav_attribute`
--
ALTER TABLE `eav_attribute`
  ADD CONSTRAINT `eav_attribute_ibfk_1` FOREIGN KEY (`entity_type_id`) REFERENCES `entity_type` (`entity_type_id`) ON DELETE CASCADE ON UPDATE CASCADE;

--
-- Constraints for table `eav_attribute_option`
--
ALTER TABLE `eav_attribute_option`
  ADD CONSTRAINT `eav_attribute_option_ibfk_1` FOREIGN KEY (`attribute_id`) REFERENCES `eav_attribute` (`attribute_id`) ON DELETE CASCADE ON UPDATE CASCADE;

--
-- Constraints for table `product_media`
--
ALTER TABLE `product_media`
  ADD CONSTRAINT `product_media_ibfk_1` FOREIGN KEY (`product_id`) REFERENCES `product` (`product_id`) ON DELETE CASCADE ON UPDATE CASCADE;

--
-- Constraints for table `salesman_address`
--
ALTER TABLE `salesman_address`
  ADD CONSTRAINT `salesman_address_ibfk_1` FOREIGN KEY (`salesman_id`) REFERENCES `salesman` (`salesman_id`) ON DELETE CASCADE ON UPDATE CASCADE;

--
-- Constraints for table `salesman_price`
--
ALTER TABLE `salesman_price`
  ADD CONSTRAINT `salesman_price_ibfk_2` FOREIGN KEY (`salesman_id`) REFERENCES `salesman` (`salesman_id`) ON DELETE CASCADE ON UPDATE CASCADE,
  ADD CONSTRAINT `salesman_price_ibfk_3` FOREIGN KEY (`product_id`) REFERENCES `product` (`product_id`) ON DELETE CASCADE ON UPDATE CASCADE;

--
-- Constraints for table `vendor_address`
--
ALTER TABLE `vendor_address`
  ADD CONSTRAINT `vendor_address_ibfk_1` FOREIGN KEY (`vendor_id`) REFERENCES `vendor` (`vendor_id`) ON DELETE CASCADE ON UPDATE CASCADE;
COMMIT;

/*!40101 SET CHARACTER_SET_CLIENT=@OLD_CHARACTER_SET_CLIENT */;
/*!40101 SET CHARACTER_SET_RESULTS=@OLD_CHARACTER_SET_RESULTS */;
/*!40101 SET COLLATION_CONNECTION=@OLD_COLLATION_CONNECTION */;
