,"First Name","Last Name",Email,"Joining Date"
44,121212,,0.00,0.00,100,,2,0,0,,,,"2023-04-26 06:55:34",
43,121212,,0.00,0.00,100,,2,0,0,,,,"2023-04-26 06:55:34",
42,121212,,0.00,0.00,100,,2,0,0,,,,"2023-04-26 06:55:34",
41,121212,,0.00,0.00,100,,2,0,0,,,,"2023-04-26 06:55:34",
40,121212,,0.00,0.00,100,,2,0,0,,,,"2023-04-26 06:55:34",
39,121212,,0.00,0.00,100,,2,0,0,,,,"2023-04-26 06:55:34",
38,121212,,0.00,0.00,100,,2,0,0,,,,"2023-04-26 06:55:34",
37,121212,,0.00,0.00,100,,2,0,0,,,,"2023-04-26 06:55:34",
36,121212,,0.00,0.00,100,,2,0,0,,,,"2023-04-26 06:55:34",
35,121212,,0.00,0.00,100,,2,0,0,,,,"2023-04-26 06:55:34",
34,121212,,0.00,0.00,100,,2,0,0,,,,"2023-04-26 06:55:34",
33,121212,,0.00,0.00,100,,2,0,0,,,,"2023-04-26 06:55:34",
32,121212,,0.00,0.00,100,,2,0,0,,,,"2023-04-26 06:55:34",
31,121212,,0.00,0.00,100,,2,0,0,,,,"2023-04-26 06:55:34",
30,121212,,0.00,0.00,100,,2,0,0,,,,"2023-04-26 06:55:34",
29,121212,,0.00,0.00,100,,2,0,0,,,,"2023-04-26 06:55:34",
28,121212,,0.00,0.00,100,,2,0,0,,,,"2023-04-26 06:55:34",
27,121212,,0.00,0.00,100,,2,0,0,,,,"2023-04-26 06:55:34",
26,121212,,0.00,0.00,100,,2,0,0,,,,"2023-04-26 06:55:34",
25,121212,,0.00,0.00,100,,2,0,0,,,,"2023-04-26 06:55:34",
24,121212,,0.00,0.00,100,,2,0,0,,,,"2023-04-26 06:55:34",
23,121212,,0.00,0.00,100,,2,0,0,,,,"2023-04-26 06:55:34",
22,121212,,0.00,0.00,100,,2,0,0,,,,"2023-04-26 06:55:34",
21,121212,,0.00,0.00,100,,2,0,0,,,,"2023-04-26 06:55:34",
20,121212,,0.00,0.00,100,,2,0,0,,,,"2023-04-26 06:55:34",
19,121212,,0.00,0.00,100,,2,0,0,,,,"2023-04-26 06:55:34",
18,121212,,0.00,0.00,100,,2,0,0,,,,"2023-04-26 06:55:34",
17,121212,,0.00,0.00,100,,2,0,0,,,,"2023-04-26 06:55:34",
16,121212,,0.00,0.00,100,,2,0,0,,,,"2023-04-26 06:55:34",
15,121212,,0.00,0.00,100,,2,0,0,,,,"2023-04-26 06:55:34",
14,sasas,,0.00,0.00,0,,1,1,1,0,0,0,"2023-04-25 22:26:30","2023-04-25 22:26:56"
13,asdas,,0.00,0.00,0,,1,1,1,0,0,0,"2023-04-25 18:50:31","2023-04-25 22:27:01"
4,111,sa,21.00,212.00,12,121,1,1,1,16,11,16,"2023-04-12 12:23:17","2023-04-25 22:27:07"
